OrganizationName,Sum of Amount
Northeast Division,134003346.4
Northwest Division,138922888.8
Central Division,149032081.60000002
Southeast Division,279284663.6
Southwest Division,232365970.6
France,66963799.96000002
Germany,30339804.03
Canadian Division,292174782.71999985
Australia,35553074.990000024
